{
  "model": "XGBoost",
  "threshold": 0.5477473139762878,
  "test_accuracy": 0.7857142857142857,
  "test_precision": 0.7330097087378641,
  "test_recall": 0.8988095238095238,
  "test_f1_score": 0.8074866310160428,
  "test_roc_auc": 0.871031746031746,
  "val_accuracy": 0.8125,
  "val_precision": 0.75,
  "val_recall": 0.8571428571428571,
  "val_f1_score": 0.7999999999999999,
  "val_roc_auc": 0.8822301407335421,
  "n_features": 25,
  "n_train_samples": 1728,
  "n_val_samples": 336,
  "n_test_samples": 336,
  "churn_rate_train": 0.4699074074074074,
  "churn_rate_val": 0.4375,
  "churn_rate_test": 0.5
}